name,index,0,1,precision,recall,f1-score,accuracy,support,precision_avg,recall_avg,f1-score_avg,note
RandomForestClassifier: Train,0,12719.0,5349.0,0.8405921617870596,0.7039517378791234,0.7662278984306757,0.857491737054719,18068.0,0.8522928262976845,0.8188367174777019,0.8318666069985157,"n_estimators=200, criterion='entropy', max_depth=None, min_samples_split=20, ccp_alpha=0.0003, random_state=1234"
RandomForestClassifier: Train,1,2412.0,33980.0,0.8639934908083093,0.9337216970762805,0.8975053155663555,0.857491737054719,36392.0,0.8522928262976845,0.8188367174777019,0.8318666069985157,
RandomForestClassifier: Test,0,9813.0,5393.0,0.6681873893504018,0.6453373668288833,0.6565636290646327,0.7292150242667229,15206.0,0.7179953566057959,0.7153622445876998,0.7165296591722188,"n_estimators=200, criterion='entropy', max_depth=None, min_samples_split=20, ccp_alpha=0.0003, random_state=1234"
RandomForestClassifier: Test,1,4873.0,17833.0,0.76780332386119,0.7853871223465163,0.776495689279805,0.7292150242667229,22706.0,0.7179953566057959,0.7153622445876998,0.7165296591722188,
