name,index,0,1,precision,recall,f1-score,accuracy,support,precision_avg,recall_avg,f1-score_avg,note
RandomForestClassifier: Train,0,12719.0,5349.0,0.8405921617870596,0.7039517378791234,0.7662278984306757,0.857491737054719,18068.0,0.8522928262976845,0.8188367174777019,0.8318666069985157,"n_estimators=200, criterion='entropy', max_depth=None, min_samples_split=20, ccp_alpha=0.0003, random_state=1234"
RandomForestClassifier: Train,1,2412.0,33980.0,0.8639934908083093,0.9337216970762805,0.8975053155663555,0.857491737054719,36392.0,0.8522928262976845,0.8188367174777019,0.8318666069985157,
RandomForestClassifier: Test,0,10759.0,7640.0,0.5617396752466977,0.5847600413065928,0.5730187473370261,0.7385490893081351,18399.0,0.6902927047926949,0.6946116643357414,0.6923047721315339,"n_estimators=200, criterion='entropy', max_depth=None, min_samples_split=20, ccp_alpha=0.0003, random_state=1234"
RandomForestClassifier: Test,1,8394.0,34534.0,0.8188457343386921,0.80446328736489,0.8115907969260417,0.7385490893081351,42928.0,0.6902927047926949,0.6946116643357414,0.6923047721315339,
